ID,x_pup,y_pup,r_pup,x_iri,y_iri,r_iri
LFVL.png,255.9056435,203.3425754,51.4965453,259.230959,207.469999,137.872368
LVL.png,199.9874891,199.8135409,50.96993502,197.462793,207.2117238,181.9220453
NIR_1.png,196.2605073,139.0883324,42.00486582,191.5374718,142.9002931,118.3014218
NIR_2.png,188.7216331,138.792865,49.68734067,185.0375667,141.2433283,111.6056775
mask_1.png,254.3118205,201.735559,50.74268349,259.2621583,207.6423083,137.7188791
mask_2.png,184.4279767,155.6132062,35.04470168,181.7203738,159.566527,112.1241517
